{
  "type": "spectrum:pedestal",
  "time": 200,
  "tier": "simple",
  "colors": {
    "spectrum:cyan": 0,
    "spectrum:magenta": 0,
    "spectrum:yellow": 12,
    "spectrum:white": 0,
    "spectrum:black": 0
  },
  "experience": 1.0,
  "pattern": [
    "IGI",
    "ICI",
    "SRS"
  ],
  "key": {
    "S": "minecraft:smooth_stone",
    "I": "minecraft:iron_ingot",
    "C": "spectrum:citrine_shard",
    "G": "#c:glass_blocks",
    "R": "minecraft:redstone"
  },
  "result": {
    "id": "cobblemon:pc",
    "count": 1
  },
  "required_advancement": "spectrum:collect_all_basic_shards",
  "disable_yield_upgrades": true
}