{
  "type": "spectrum:pedestal_shapeless",
  "time": 600,
  "tier": "basic",
  "colors": {
    "spectrum:cyan": 0,
    "spectrum:magenta": 0,
    "spectrum:yellow": 0,
    "spectrum:white": 0,
    "spectrum:black": 0
  },
  "experience": 4.0,
  "ingredients": [
    "spectrum:topaz_shard",
    "minecraft:amethyst_shard",
    "spectrum:citrine_shard",
    "the_bumblezone:sugar_water_bottle",
    "eternal_starlight:orb_of_prophecy",
    "cerulean:lunarium",
    "cobblemon:prism_scale"
  ],
  "result": {
    "id": "spectrum:pedestal_all_basic",
    "count": 1
  },
  "required_advancement": "spectrum:unlocks/blocks/cmy_pedestal",
  "disable_yield_upgrades": true
}