{
  "type": "spectrum:pedestal",
  "time": 200,
  "tier": "simple",
  "colors": {
    "spectrum:cyan": 0,
    "spectrum:magenta": 0,
    "spectrum:yellow": 12,
    "spectrum:white": 0,
    "spectrum:black": 0
  },
  "experience": 1.0,
  "pattern": [
    "III",
    "IPG",
    "IRI"
  ],
  "key": {
    "I": "minecraft:iron_ingot",
    "P": "spectrum:purple_pigment",
    "G": "#c:glass_blocks",
    "R": "spectrum:redstone_calculator"
  },
  "result": {
    "id": "cobblemon:monitor",
    "count": 1
  },
  "required_advancement": "spectrum:hidden/collect_pigment/purple",
  "disable_yield_upgrades": true
}