{
  "type": "spectrum:pedestal",
  "time": 200,
  "tier": "simple",
  "colors": {
    "spectrum:cyan": 0,
    "spectrum:magenta": 0,
    "spectrum:yellow": 12,
    "spectrum:white": 0,
    "spectrum:black": 0
  },
  "experience": 1.0,
  "pattern": [
    "BBB",
    "GPG",
    "CRC"
  ],
  "key": {
    "B": "#spectrum:basalts",
    "C": "#spectrum:calcites",
    "P": "spectrum:blue_pigment",
    "G": "#c:glass_blocks",
    "R": "spectrum:redstone_calculator"
  },
  "result": {
    "id": "cobblemon:fossil_analyzer",
    "count": 1
  },
  "required_advancement": "spectrum:hidden/collect_pigment/blue",
  "disable_yield_upgrades": true
}