{
  "type": "spectrum:pedestal",
  "time": 200,
  "tier": "simple",
  "colors": {
    "spectrum:cyan": 0,
    "spectrum:magenta": 0,
    "spectrum:yellow": 12,
    "spectrum:white": 0,
    "spectrum:black": 0
  },
  "experience": 1.0,
  "pattern": [
    "C C",
    "IPI",
    "IRI"
  ],
  "key": {
    "I": "minecraft:iron_ingot",
    "P": "spectrum:pink_pigment",
    "C": "minecraft:copper_ingot",
    "R": "cobblemon:max_revive"
  },
  "result": {
    "id": "cobblemon:healing_machine",
    "count": 1
  },
  "required_advancement": "spectrum:hidden/collect_pigment/pink",
  "disable_yield_upgrades": true
}