{
  "type": "spectrum:pedestal_shapeless",
  "time": 2400,
  "tier": "advanced",
  "colors": {
    "spectrum:cyan": 0,
    "spectrum:magenta": 0,
    "spectrum:yellow": 0,
    "spectrum:white": 0,
    "spectrum:black": 64
  },
  "experience": 16.0,
  "ingredients": [
    "spectrum:moonstone_shard", "cerulean:glitter", "the_bumblezone:music_disc_a_last_first_last", "eternal_starlight:mana_crystal", "cobblemon:starf_berry"
  ],
  "result": {
    "id": "spectrum:pedestal_moonstone",
    "count": 1
  },
  "required_advancement": "spectrum:lategame/collect_moonstone",
  "disable_yield_upgrades": true
}