{
  "type": "spectrum:pedestal_shapeless",
  "time": 1200,
  "tier": "simple",
  "colors": {
    "spectrum:cyan": 64,
    "spectrum:magenta": 64,
    "spectrum:yellow": 64,
    "spectrum:white": 0,
    "spectrum:black": 0
  },
  "experience": 8.0,
  "ingredients": [
    "spectrum:onyx_shard",
    "the_bumblezone:royal_jelly_block",
    "eternal_starlight:amaramber_ingot",
    "cerulean:glimmercrumb",
    "cobblemon:loaded_dice"
  ],
  "result": {
    "id":
      "spectrum:pedestal_onyx",
    "count": 1
  },
  "required_advancement": "spectrum:create_onyx_shard",
  "disable_yield_upgrades": true
}