{
  "type": "spectrum:pedestal",
  "time": 200,
  "tier": "simple",
  "colors": {
    "spectrum:cyan": 0,
    "spectrum:magenta": 0,
    "spectrum:yellow": 12,
    "spectrum:white": 0,
    "spectrum:black": 0
  },
  "experience": 1.0,
  "pattern": [
    "PCP",
    "PLP",
    "HDH"
  ],
  "key": {
    "P": "#minecraft:planks",
    "L": "spectrum:lime_pigment",
    "C": "cobblemon:pc",
    "H": "#minecraft:llama_food",
    "D": "minecraft:hopper"
  },
  "result": {
    "id": "cobblemon:pasture",
    "count": 1
  },
  "required_advancement": "spectrum:hidden/collect_pigment/lime",
  "disable_yield_upgrades": true
}