{
  "type": "spectrum:pedestal",
  "time": 200,
  "tier": "simple",
  "colors": {
    "spectrum:cyan": 0,
    "spectrum:magenta": 0,
    "spectrum:yellow": 12,
    "spectrum:white": 0,
    "spectrum:black": 0
  },
  "experience": 1.0,
  "pattern": [
    "GIG",
    "GPG",
    "SRS"
  ],
  "key": {
    "I": "minecraft:iron_ingot",
    "P": "spectrum:pink_pigment",
    "G": "#c:glass_blocks",
    "R": "cobblemon:max_revive",
    "S": "minecraft:smooth_stone"
  },
  "result": {
    "id": "cobblemon:restoration_tank",
    "count": 1
  },
  "required_advancement": "spectrum:hidden/collect_pigment/pink",
  "disable_yield_upgrades": true
}