{
  "type": "spectrum:pedestal",
  "time": 200,
  "tier": "complex",
  "colors": {
    "spectrum:cyan": 0,
    "spectrum:magenta": 3,
    "spectrum:yellow": 6,
    "spectrum:white": 3,
    "spectrum:black": 0
  },
  "experience": 1.0,
  "pattern": [
    " B ",
    "TPT",
    " A "
  ],
  "key": {
    "A": "cobblemon:white_apricorn",
    "B": "cobblemon:blue_apricorn",
    "P": "spectrum:paltaeria_gem",
    "T": "cobblemon:sky_tumblestone"
  },
  "result": {
    "id": "cobblemon:ancient_jet_ball",
    "count": 24
  },
  "required_advancement": "spectrum:hidden/collect_paltaeria_gem"
}