{
  "type": "spectrum:pedestal",
  "time": 200,
  "tier": "complex",
  "colors": {
    "spectrum:cyan": 0,
    "spectrum:magenta": 0,
    "spectrum:yellow": 0,
    "spectrum:white": 8,
    "spectrum:black": 0
  },
  "experience": 1.0,
  "pattern": [
    " A ",
    "TCT",
    " A "
  ],
  "key": {
    "A": "cobblemon:yellow_apricorn",
    "C": "spectrum:pure_copper",
    "T": "cobblemon:tumblestone"
  },
  "result": {
    "id": "cobblemon:ancient_citrine_ball",
    "count": 32
  },
  "required_advancement": "spectrum:lategame/collect_pure_resource"
}