{
  "type": "spectrum:pedestal",
  "time": 200,
  "tier": "complex",
  "colors": {
    "spectrum:cyan": 0,
    "spectrum:magenta": 0,
    "spectrum:yellow": 6,
    "spectrum:white": 2,
    "spectrum:black": 6
  },
  "experience": 1.0,
  "pattern": [
    " A ",
    "TRT",
    " B "
  ],
  "key": {
    "A": "cobblemon:yellow_apricorn",
    "B": "cobblemon:black_apricorn",
    "T": "cobblemon:tumblestone",
    "R": "spectrum:raw_azurite"
  },
  "result": {
    "id": "cobblemon:ancient_ultra_ball",
    "count": 24
  },
  "required_advancement": "spectrum:lategame/build_complex_pedestal_structure"
}