{
  "type": "spectrum:pedestal",
  "time": 200,
  "tier": "simple",
  "colors": {
    "spectrum:cyan": 0,
    "spectrum:magenta": 8,
    "spectrum:yellow": 2,
    "spectrum:white": 0,
    "spectrum:black": 0
  },
  "experience": 1.0,
  "pattern": [
    " A ",
    "TST",
    " A "
  ],
  "key": {
    "A": "cobblemon:pink_apricorn",
    "S": "minecraft:amethyst_shard",
    "T": "cobblemon:tumblestone"
  },
  "result": {
    "id": "cobblemon:ancient_roseate_ball",
    "count": 8
  },
  "required_advancement": "spectrum:collect_all_basic_shards"
}