{
  "type": "spectrum:pedestal",
  "time": 200,
  "tier": "advanced",
  "colors": {
    "spectrum:cyan": 2,
    "spectrum:magenta": 6,
    "spectrum:yellow": 0,
    "spectrum:white": 0,
    "spectrum:black": 4
  },
  "experience": 1.0,
  "pattern": [
    " A ",
    "TOT",
    " A "
  ],
  "key": {
    "A": "cobblemon:black_apricorn",
    "O": "spectrum:onyx_shard",
    "T": "cobblemon:black_tumblestone"
  },
  "result": {
    "id": "cobblemon:ancient_heavy_ball",
    "count": 16
  },
  "required_advancement": "spectrum:midgame/build_advanced_pedestal_structure"
}