{
  "type": "spectrum:pedestal",
  "time": 200,
  "tier": "simple",
  "colors": {
    "spectrum:cyan": 3,
    "spectrum:magenta": 4,
    "spectrum:yellow": 1,
    "spectrum:white": 0,
    "spectrum:black": 0
  },
  "experience": 1.0,
  "pattern": [
    " A ",
    "TCT",
    " A "
  ],
  "key": {
    "A": "cobblemon:green_apricorn",
    "C": "spectrum:citrine_shard",
    "T": "cobblemon:tumblestone"
  },
  "result": {
    "id": "cobblemon:ancient_verdant_ball",
    "count": 8
  },
  "required_advancement": "spectrum:collect_all_basic_shards"
}