{
  "type": "spectrum:pedestal",
  "time": 200,
  "tier": "complex",
  "colors": {
    "spectrum:cyan": 4,
    "spectrum:magenta": 6,
    "spectrum:yellow": 0,
    "spectrum:white": 3,
    "spectrum:black": 0
  },
  "experience": 1.0,
  "pattern": [
    " B ",
    "TPT",
    " A "
  ],
  "key": {
    "A": "cobblemon:white_apricorn",
    "B": "cobblemon:blue_apricorn",
    "P": "spectrum:paltaeria_fragments",
    "T": "cobblemon:sky_tumblestone"
  },
  "result": {
    "id": "cobblemon:ancient_wing_ball",
    "count": 16
  },
  "required_advancement": "spectrum:lategame/collect_paltaeria"
}