{
  "type": "spectrum:pedestal",
  "time": 200,
  "tier": "advanced",
  "colors": {
    "spectrum:cyan": 6,
    "spectrum:magenta": 0,
    "spectrum:yellow": 2,
    "spectrum:white": 0,
    "spectrum:black": 2
  },
  "experience": 1.0,
  "pattern": [
    " A ",
    "TST",
    " A "
  ],
  "key": {
    "A": "cobblemon:black_apricorn",
    "S": "spectrum:stratine_fragments",
    "T": "cobblemon:black_tumblestone"
  },
  "result": {
    "id": "cobblemon:ancient_leaden_ball",
    "count": 16
  },
  "required_advancement": "spectrum:midgame/collect_stratine"
}