{
  "type": "spectrum:pedestal",
  "time": 200,
  "tier": "complex",
  "colors": {
    "spectrum:cyan": 4,
    "spectrum:magenta": 0,
    "spectrum:yellow": 4,
    "spectrum:white": 2,
    "spectrum:black": 0
  },
  "experience": 1.0,
  "pattern": [
    " B ",
    "TMT",
    " A "
  ],
  "key": {
    "A": "cobblemon:white_apricorn",
    "B": "cobblemon:blue_apricorn",
    "M": "spectrum:moonstone_shard",
    "T": "cobblemon:sky_tumblestone"
  },
  "result": {
    "id": "cobblemon:ancient_feather_ball",
    "count": 16
  },
  "required_advancement": "spectrum:lategame/build_complex_pedestal_structure"
}