{
  "type": "spectrum:pedestal",
  "time": 200,
  "tier": "advanced",
  "colors": {
    "spectrum:cyan": 12,
    "spectrum:magenta": 0,
    "spectrum:yellow": 0,
    "spectrum:white": 0,
    "spectrum:black": 4
  },
  "experience": 1.0,
  "pattern": [
    " A ",
    "TST",
    " A "
  ],
  "key": {
    "A": "cobblemon:black_apricorn",
    "S": "spectrum:stratine_gem",
    "T": "cobblemon:black_tumblestone"
  },
  "result": {
    "id": "cobblemon:ancient_gigaton_ball",
    "count": 24
  },
  "required_advancement": "spectrum:hidden/collect_stratine_gem"
}