{
  "type": "spectrum:pedestal",
  "time": 200,
  "tier": "simple",
  "colors": {
    "spectrum:cyan": 4,
    "spectrum:magenta": 2,
    "spectrum:yellow": 0,
    "spectrum:white": 0,
    "spectrum:black": 0
  },
  "experience": 1.0,
  "pattern": [
    " A ",
    "ATA",
    " A "
  ],
  "key": {
    "A": "cobblemon:blue_apricorn",
    "T": "spectrum:topaz_shard"
  },
  "result": {
    "id": "cobblemon:azure_ball",
    "count": 8
  },
  "required_advancement": "spectrum:collect_all_basic_shards"
}