{
  "type": "spectrum:pedestal",
  "time": 200,
  "tier": "complex",
  "colors": {
    "spectrum:cyan": 0,
    "spectrum:magenta": 6,
    "spectrum:yellow": 0,
    "spectrum:white": 12,
    "spectrum:black": 6
  },
  "experience": 1.0,
  "pattern": [
    "BRB",
    "PNP",
    "OAO"
  ],
  "key": {
    "R": "cobblemon:red_apricorn",
    "P": "cobblemon:pink_apricorn",
    "A": "cobblemon:blue_apricorn",
    "N": "spectrum:nightdew_sprout",
    "O": "spectrum:orange_pigment",
    "B": "spectrum:blue_pigment"
  },
  "result": {
    "id": "cobblemon:dream_ball",
    "count": 24
  },
  "required_advancement": "spectrum:lategame/build_complex_pedestal_structure"
}