{
  "type": "spectrum:pedestal",
  "time": 200,
  "tier": "complex",
  "colors": {
    "spectrum:cyan": 0,
    "spectrum:magenta": 6,
    "spectrum:yellow": 0,
    "spectrum:white": 12,
    "spectrum:black": 6
  },
  "experience": 1.0,
  "pattern": [
    "WGW",
    "LAL",
    "PGP"
  ],
  "key": {
    "G": "cobblemon:green_apricorn",
    "L": "cobblemon:black_apricorn",
    "A": "minecraft:amethyst_shard",
    "P": "spectrum:light_gray_pigment",
    "B": "spectrum:white_pigment"
  },
  "result": {
    "id": "cobblemon:dusk_ball",
    "count": 24
  },
  "required_advancement": "spectrum:lategame/collect_grayscale_pigments"
}