{
  "type": "spectrum:pedestal",
  "time": 200,
  "tier": "complex",
  "colors": {
    "spectrum:cyan": 0,
    "spectrum:magenta": 0,
    "spectrum:yellow": 0,
    "spectrum:white": 8,
    "spectrum:black": 0
  },
  "experience": 1.0,
  "pattern": [
    "GEG",
    "EDE",
    "GEG"
  ],
  "key": {
    "E": "spectrum:pure_echo",
    "G": "spectrum:pure_gold",
    "D": "spectrum:pure_diamond"
  },
  "result": {
    "id": "cobblemon:beast_ball",
    "count": 32
  },
  "required_advancement": "spectrum:lategame/collect_pure_resource"
}