{
  "type": "spectrum:pedestal",
  "time": 200,
  "tier": "advanced",
  "colors": {
    "spectrum:cyan": 0,
    "spectrum:magenta": 0,
    "spectrum:yellow": 0,
    "spectrum:white": 8,
    "spectrum:black": 0
  },
  "experience": 1.0,
  "pattern": [
    "YAY",
    "CSC",
    "RWR"
  ],
  "key": {
    "A": "cobblemon:red_apricorn",
    "C": "cobblemon:yellow_apricorn",
    "W": "cobblemon:white_apricorn",
    "S": "spectrum:storm_stone",
    "Y": "spectrum:yellow_pigment",
    "R": "spectrum:red_pigment"
  },
  "result": {
    "id": "cobblemon:fast_ball",
    "count": 16
  },
  "required_advancement": "spectrum:midgame/collect_storm_stone"
}