{
  "type": "spectrum:pedestal",
  "time": 200,
  "tier": "advanced",
  "colors": {
    "spectrum:cyan": 0,
    "spectrum:magenta": 2,
    "spectrum:yellow": 6,
    "spectrum:white": 0,
    "spectrum:black": 1
  },
  "experience": 1.0,
  "pattern": [
    "PYR",
    "GJG",
    "RAP"
  ],
  "key": {
    "A": "cobblemon:red_apricorn",
    "G": "cobblemon:green_apricorn",
    "Y": "cobblemon:yellow_apricorn",
    "J": "#c:tea_leaves",
    "R": "spectrum:red_pigment",
    "P": "spectrum:pink_pigment"
  },
  "result": {
    "id": "cobblemon:friend_ball",
    "count": 16
  },
  "required_advancement": "spectrum:midgame/collect_jade_vine_petals"
}