{
  "type": "spectrum:pedestal",
  "time": 200,
  "tier": "advanced",
  "colors": {
    "spectrum:cyan": 2,
    "spectrum:magenta": 2,
    "spectrum:yellow": 2,
    "spectrum:white": 0,
    "spectrum:black": 2
  },
  "experience": 1.0,
  "pattern": [
    " B ",
    "ARA",
    " B "
  ],
  "key": {
    "A": "cobblemon:red_apricorn",
    "B": "cobblemon:blue_apricorn",
    "R": "spectrum:raw_azurite"
  },
  "result": {
    "id": "cobblemon:great_ball",
    "count": 16
  },
  "required_advancement": "spectrum:midgame/collect_azurite"
}