{
  "type": "spectrum:pedestal",
  "time": 200,
  "tier": "simple",
  "colors": {
    "spectrum:cyan": 4,
    "spectrum:magenta": 4,
    "spectrum:yellow": 4,
    "spectrum:white": 0,
    "spectrum:black": 0
  },
  "experience": 1.0,
  "pattern": [
    "PWP",
    "ASA",
    "YWY"
  ],
  "key": {
    "A": "cobblemon:pink_apricorn",
    "W": "cobblemon:white_apricorn",
    "P": "spectrum:pink_pigment",
    "Y": "spectrum:yellow_pigment",
    "S": "spectrum:shimmerstone_gem"
  },
  "result": {
    "id": "cobblemon:heal_ball",
    "count": 16
  },
  "required_advancement": "spectrum:collect_all_basic_pigments_besides_brown"
}