{
  "type": "spectrum:pedestal",
  "time": 200,
  "tier": "complex",
  "colors": {
    "spectrum:cyan": 0,
    "spectrum:magenta": 0,
    "spectrum:yellow": 0,
    "spectrum:white": 8,
    "spectrum:black": 0
  },
  "experience": 1.0,
  "pattern": [
    " W ",
    "ACA",
    " W "
  ],
  "key": {
    "A": "cobblemon:pink_apricorn",
    "W": "cobblemon:white_apricorn",
    "C": "spectrum:pure_copper"
  },
  "result": {
    "id": "cobblemon:heal_ball",
    "count": 32
  },
  "required_advancement": "spectrum:lategame/collect_pure_resource"
}