{
  "type": "spectrum:pedestal",
  "time": 200,
  "tier": "advanced",
  "colors": {
    "spectrum:cyan": 6,
    "spectrum:magenta": 0,
    "spectrum:yellow": 2,
    "spectrum:white": 0,
    "spectrum:black": 4
  },
  "experience": 1.0,
  "pattern": [
    "CAC",
    "BSB",
    "PAP"
  ],
  "key": {
    "A": "cobblemon:black_apricorn",
    "S": "spectrum:stratine_fragments",
    "B": "cobblemon:blue_apricorn",
    "C": "spectrum:cyan_pigment",
    "P": "spectrum:brown_pigment"
  },
  "result": {
    "id": "cobblemon:heavy_ball",
    "count": 16
  },
  "required_advancement": "spectrum:midgame/collect_stratine"
}