{
  "type": "spectrum:pedestal",
  "time": 200,
  "tier": "advanced",
  "colors": {
    "spectrum:cyan": 0,
    "spectrum:magenta": 6,
    "spectrum:yellow": 2,
    "spectrum:white": 0,
    "spectrum:black": 4
  },
  "experience": 1.0,
  "pattern": [
    "MBM",
    "YJP",
    "RAR"
  ],
  "key": {
    "A": "cobblemon:red_apricorn",
    "Y": "cobblemon:yellow_apricorn",
    "P": "cobblemon:pink_apricorn",
    "B": "cobblemon:black_apricorn",
    "J": "#c:tea_leaves",
    "M": "spectrum:magenta_pigment",
    "R": "spectrum:red_pigment"
  },
  "result": {
    "id": "cobblemon:level_ball",
    "count": 16
  },
  "required_advancement": "spectrum:midgame/collect_jade_vine_petals"
}