{
  "type": "spectrum:pedestal",
  "time": 200,
  "tier": "complex",
  "colors": {
    "spectrum:cyan": 0,
    "spectrum:magenta": 0,
    "spectrum:yellow": 0,
    "spectrum:white": 8,
    "spectrum:black": 0
  },
  "experience": 1.0,
  "pattern": [
    " B ",
    "YIP",
    " A "
  ],
  "key": {
    "A": "cobblemon:red_apricorn",
    "Y": "cobblemon:yellow_apricorn",
    "P": "cobblemon:pink_apricorn",
    "B": "cobblemon:black_apricorn",
    "I": "spectrum:pure_iron"
  },
  "result": {
    "id": "cobblemon:level_ball",
    "count": 32
  },
  "required_advancement": "spectrum:lategame/collect_pure_resource"
}