{
  "type": "spectrum:pedestal",
  "time": 200,
  "tier": "complex",
  "colors": {
    "spectrum:cyan": 0,
    "spectrum:magenta": 6,
    "spectrum:yellow": 6,
    "spectrum:white": 4,
    "spectrum:black": 0
  },
  "experience": 1.0,
  "pattern": [
    "RWP",
    "AJA",
    "PAR"
  ],
  "key": {
    "A": "cobblemon:pink_apricorn",
    "W": "cobblemon:white_apricorn",
    "J": "#c:tea_leaves",
    "P": "spectrum:pink_pigment",
    "R": "spectrum:white_pigment"
  },
  "result": {
    "id": "cobblemon:love_ball",
    "count": 24
  },
  "required_advancement": "spectrum:hidden/collect_pigment/white"
}