{
  "type": "spectrum:pedestal",
  "time": 200,
  "tier": "advanced",
  "colors": {
    "spectrum:cyan": 6,
    "spectrum:magenta": 2,
    "spectrum:yellow": 0,
    "spectrum:white": 0,
    "spectrum:black": 1
  },
  "experience": 1.0,
  "pattern": [
    "PAL",
    "BMG",
    "LAP"
  ],
  "key": {
    "A": "cobblemon:red_apricorn",
    "B": "cobblemon:blue_apricorn",
    "G": "cobblemon:green_apricorn",
    "M": "spectrum:mermaids_gem",
    "L": "spectrum:light_blue_pigment",
    "P": "spectrum:blue_pigment"
  },
  "result": {
    "id": "cobblemon:lure_ball",
    "count": 16
  },
  "required_advancement": "spectrum:midgame/build_advanced_pedestal_structure"
}