{
  "type": "spectrum:pedestal",
  "time": 200,
  "tier": "complex",
  "colors": {
    "spectrum:cyan": 0,
    "spectrum:magenta": 12,
    "spectrum:yellow": 2,
    "spectrum:white": 2,
    "spectrum:black": 0
  },
  "experience": 1.0,
  "pattern": [
    "PBM",
    "WJA",
    "MBP"
  ],
  "key": {
    "A": "cobblemon:red_apricorn",
    "W": "cobblemon:white_apricorn",
    "B": "cobblemon:black_apricorn",
    "J": "#c:tea_leaves",
    "M": "spectrum:magenta_pigment",
    "P": "spectrum:pink_pigment"
  },
  "result": {
    "id": "cobblemon:luxury_ball",
    "count": 24
  },
  "required_advancement": "spectrum:hidden/collect_jadeite"
}