{
  "type": "spectrum:pedestal",
  "time": 200,
  "tier": "complex",
  "colors": {
    "spectrum:cyan": 0,
    "spectrum:magenta": 0,
    "spectrum:yellow": 0,
    "spectrum:white": 8,
    "spectrum:black": 0
  },
  "experience": 1.0,
  "pattern": [
    " S ",
    "PNP",
    " S "
  ],
  "key": {
    "S": "minecraft:shulker_shell",
    "P": "spectrum:pure_netherite_scrap",
    "N": "minecraft:nether_star"
  },
  "result": {
    "id": "cobblemon:master_ball",
    "count": 8
  },
  "required_advancement": "spectrum:lategame/collect_pure_resource"
}