{
  "type": "spectrum:pedestal",
  "time": 200,
  "tier": "advanced",
  "colors": {
    "spectrum:cyan": 0,
    "spectrum:magenta": 8,
    "spectrum:yellow": 0,
    "spectrum:white": 0,
    "spectrum:black": 2
  },
  "experience": 1.0,
  "pattern": [
    "PCP",
    "ASL",
    "BWB"
  ],
  "key": {
    "A": "cobblemon:blue_apricorn",
    "C": "cobblemon:yellow_apricorn",
    "W": "cobblemon:white_apricorn",
    "L": "cobblemon:black_apricorn",
    "S": "spectrum:star_fragment",
    "P": "spectrum:black_pigment",
    "B": "spectrum:brown_pigment"
  },
  "result": {
    "id": "cobblemon:moon_ball",
    "count": 16
  },
  "required_advancement": "spectrum:collect_star_fragment"
}