{
  "type": "spectrum:pedestal",
  "time": 200,
  "tier": "complex",
  "colors": {
    "spectrum:cyan": 0,
    "spectrum:magenta": 0,
    "spectrum:yellow": 0,
    "spectrum:white": 8,
    "spectrum:black": 0
  },
  "experience": 1.0,
  "pattern": [
    " C ",
    "AIL",
    " W "
  ],
  "key": {
    "A": "cobblemon:blue_apricorn",
    "C": "cobblemon:yellow_apricorn",
    "W": "cobblemon:white_apricorn",
    "L": "cobblemon:black_apricorn",
    "I": "spectrum:pure_iron"
  },
  "result": {
    "id": "cobblemon:moon_ball",
    "count": 32
  },
  "required_advancement": "spectrum:lategame/collect_pure_resource"
}