{
  "type": "spectrum:pedestal",
  "time": 200,
  "tier": "advanced",
  "colors": {
    "spectrum:cyan": 6,
    "spectrum:magenta": 2,
    "spectrum:yellow": 0,
    "spectrum:white": 0,
    "spectrum:black": 1
  },
  "experience": 1.0,
  "pattern": [
    "PAP",
    "GVG",
    "LGL"
  ],
  "key": {
    "A": "cobblemon:red_apricorn",
    "G": "cobblemon:green_apricorn",
    "V": "spectrum:vegetal",
    "L": "spectrum:lime_pigment",
    "P": "spectrum:pink_pigment"
  },
  "result": {
    "id": "cobblemon:park_ball",
    "count": 16
  },
  "required_advancement": "spectrum:midgame/build_advanced_pedestal_structure"
}