{
  "type": "spectrum:pedestal",
  "time": 200,
  "tier": "complex",
  "colors": {
    "spectrum:cyan": 0,
    "spectrum:magenta": 0,
    "spectrum:yellow": 0,
    "spectrum:white": 6,
    "spectrum:black": 0
  },
  "experience": 1.0,
  "pattern": [
    " A ",
    "AMA",
    " A "
  ],
  "key": {
    "A": "cobblemon:white_apricorn",
    "M": "spectrum:moonstone_shard"
  },
  "result": {
    "id": "cobblemon:premier_ball",
    "count": 8
  },
  "required_advancement": "spectrum:lategame/build_complex_pedestal_structure"
}