{
  "type": "spectrum:pedestal",
  "time": 200,
  "tier": "complex",
  "colors": {
    "spectrum:cyan": 0,
    "spectrum:magenta": 2,
    "spectrum:yellow": 12,
    "spectrum:white": 0,
    "spectrum:black": 2
  },
  "experience": 1.0,
  "pattern": [
    " B ",
    "CGC",
    " B "
  ],
  "key": {
    "B": "cobblemon:blue_apricorn",
    "C": "cobblemon:yellow_apricorn",
    "G": "spectrum:pure_gold"
  },
  "result": {
    "id": "cobblemon:quick_ball",
    "count": 32
  },
  "required_advancement": "spectrum:lategame/build_complex_pedestal_structure"
}