{
  "type": "spectrum:pedestal",
  "time": 200,
  "tier": "complex",
  "colors": {
    "spectrum:cyan": 0,
    "spectrum:magenta": 0,
    "spectrum:yellow": 0,
    "spectrum:white": 8,
    "spectrum:black": 0
  },
  "experience": 1.0,
  "pattern": [
    " B ",
    "RGR",
    " Y "
  ],
  "key": {
    "Y": "cobblemon:yellow_apricorn",
    "B": "cobblemon:black_apricorn",
    "R": "cobblemon:red_apricorn",
    "G": "spectrum:pure_gold"
  },
  "result": {
    "id": "cobblemon:repeat_ball",
    "count": 32
  },
  "required_advancement": "spectrum:lategame/collect_pure_resource"
}