{
  "type": "spectrum:pedestal",
  "time": 200,
  "tier": "complex",
  "colors": {
    "spectrum:cyan": 0,
    "spectrum:magenta": 12,
    "spectrum:yellow": 0,
    "spectrum:white": 4,
    "spectrum:black": 0
  },
  "experience": 1.0,
  "pattern": [
    "PBP",
    "RAR",
    "WYW"
  ],
  "key": {
    "Y": "cobblemon:yellow_apricorn",
    "B": "cobblemon:black_apricorn",
    "R": "cobblemon:red_apricorn",
    "A": "minecraft:amethyst_shard",
    "W": "spectrum:white_pigment",
    "P": "spectrum:purple_pigment"
  },
  "result": {
    "id": "cobblemon:repeat_ball",
    "count": 24
  },
  "required_advancement": "spectrum:hidden/collect_pigment/white"
}