{
  "type": "spectrum:pedestal",
  "time": 200,
  "tier": "simple",
  "colors": {
    "spectrum:cyan": 4,
    "spectrum:magenta": 4,
    "spectrum:yellow": 4,
    "spectrum:white": 0,
    "spectrum:black": 0
  },
  "experience": 1.0,
  "pattern": [
    "GPG",
    "ACA",
    "BWB"
  ],
  "key": {
    "A": "cobblemon:green_apricorn",
    "P": "cobblemon:yellow_apricorn",
    "W": "cobblemon:white_apricorn",
    "G": "spectrum:green_pigment",
    "B": "spectrum:brown_pigment",
    "C": "spectrum:four_leaf_clover"
  },
  "result": {
    "id": "cobblemon:safari_ball",
    "count": 16
  },
  "required_advancement": "spectrum:collect_all_basic_pigments_besides_brown"
}