{
  "type": "spectrum:pedestal",
  "time": 200,
  "tier": "advanced",
  "colors": {
    "spectrum:cyan": 8,
    "spectrum:magenta": 2,
    "spectrum:yellow": 0,
    "spectrum:white": 0,
    "spectrum:black": 1
  },
  "experience": 1.0,
  "pattern": [
    "BWB",
    "ARA",
    "BAB"
  ],
  "key": {
    "A": "cobblemon:red_apricorn",
    "W": "cobblemon:white_apricorn",
    "R": "spectrum:raw_azurite",
    "B": "spectrum:blue_pigment"
  },
  "result": {
    "id": "cobblemon:sport_ball",
    "count": 16
  },
  "required_advancement": "spectrum:midgame/collect_azurite"
}