{
  "type": "spectrum:pedestal",
  "time": 200,
  "tier": "complex",
  "colors": {
    "spectrum:cyan": 0,
    "spectrum:magenta": 12,
    "spectrum:yellow": 0,
    "spectrum:white": 4,
    "spectrum:black": 0
  },
  "experience": 1.0,
  "pattern": [
    "LRL",
    "CAC",
    "MBM"
  ],
  "key": {
    "C": "cobblemon:white_apricorn",
    "B": "cobblemon:black_apricorn",
    "R": "cobblemon:red_apricorn",
    "A": "minecraft:amethyst_shard",
    "L": "spectrum:light_gray_pigment",
    "M": "spectrum:magenta_pigment"
  },
  "result": {
    "id": "cobblemon:timer_ball",
    "count": 24
  },
  "required_advancement": "spectrum:hidden/collect_pigment/light_gray"
}