{
    "enabled": true,
    "neededInstalledMods": [],
    "neededUninstalledMods": [],
    "spawns": [
        {
            "id": "rattata-deeperdown-8",
            "pokemon": "rattata",
            "presets": [
                "derelict"
            ],
            "type": "pokemon",
            "context": "grounded",
            "bucket": "uncommon",
            "level": "1-25",
            "weight": 8.4,
            "condition": {
                "dimensions": [
                    "spectrum:deeper_down"
                ]
            },
            "anticondition": {
                "biomes": [
                    "spectrum:crystal_gardens",
                    "spectrum:howling_spires",
                    "spectrum:noxshroom_forest",
                    "spectrum:black_langast",
                    "spectrum:dragonrot_swamp"
                ]
            }
        },
        {
            "id": "rattata-alolan-deeperdown-9",
            "pokemon": "rattata alolan",
            "presets": [
                "derelict"
            ],
            "type": "pokemon",
            "context": "grounded",
            "bucket": "uncommon",
            "level": "1-25",
            "weight": 8.4,
            "condition": {
                "dimensions": [
                    "spectrum:deeper_down"
                ]
            },
            "anticondition": {
                "biomes": [
                    "spectrum:crystal_gardens",
                    "spectrum:howling_spires",
                    "spectrum:noxshroom_forest",
                    "spectrum:black_langast",
                    "spectrum:dragonrot_swamp"
                ]
            }
        }
    ]
}