{
    "enabled": true,
    "neededInstalledMods": [],
    "neededUninstalledMods": [],
    "spawns": [
        {
            "id": "raticate-deeperdown-8",
            "pokemon": "raticate",
            "presets": [
                "derelict"
            ],
            "type": "pokemon",
            "context": "grounded",
            "bucket": "uncommon",
            "level": "20-41",
            "weight": 1.6,
            "condition": {
                "dimensions": [
                    "spectrum:deeper_down"
                ]
            },
            "anticondition": {
                "biomes": [
                    "spectrum:crystal_gardens",
                    "spectrum:howling_spires",
                    "spectrum:noxshroom_forest",
                    "spectrum:black_langast",
                    "spectrum:dragonrot_swamp"
                ]
            }
        },
        {
            "id": "raticate-alolan-deeperdown-9",
            "pokemon": "raticate alolan",
            "presets": [
                "derelict"
            ],
            "type": "pokemon",
            "context": "grounded",
            "bucket": "uncommon",
            "level": "20-41",
            "weight": 1.6,
            "condition": {
                "dimensions": [
                    "spectrum:deeper_down"
                ]
            },
            "anticondition": {
                "biomes": [
                    "spectrum:crystal_gardens",
                    "spectrum:howling_spires",
                    "spectrum:noxshroom_forest",
                    "spectrum:black_langast",
                    "spectrum:dragonrot_swamp"
                ]
            }
        }
    ]
}