{
    "enabled": true,
    "neededInstalledMods": [],
    "neededUninstalledMods": [],
    "spawns": [
        {
            "id": "jigglypuff-deeperdown-4",
            "pokemon": "jigglypuff",
            "presets": [
                "natural"
            ],
            "type": "pokemon",
            "context": "grounded",
            "bucket": "rare",
            "level": "16-27",
            "weight": 0.95,
            "condition": {
                "structures": [
                    "spectrum:undergrowth_manor"
                ]
            },
            "anticondition": {
                "biomes": [
                    "spectrum:deep_barrens",
                    "spectrum:deep_dripstone_caves",
                    "spectrum:razor_edge",
                    "spectrum:howling_spires",
                    "spectrum:noxshroom_forest",
                    "spectrum:black_langast",
                    "spectrum:dragonrot_swamp"
                ],
                "structures": [
                    "spectrum:city_below",
                    "spectrum:dragon_fossil",
                    "spectrum:excavation_site",
                    "spectrum:forsaken_cathedral",
                    "spectrum:lizard_den"
                ]
            }
        }
    ]
}