{
    "enabled": true,
    "neededInstalledMods": [],
    "neededUninstalledMods": [],
    "spawns": [
        {
            "id": "zubat-deeperdown-10",
            "pokemon": "zubat",
            "presets": [
                "natural"
            ],
            "type": "pokemon",
            "context": "grounded",
            "bucket": "common",
            "level": "1-21",
            "weight": 1.8,
            "condition": {
                "dimensions" : [
                    "spectrum:deeper_down"
                ]
            },
            "anticondition": {
                "biomes": [
                    "spectrum:black_langast",
                    "spectrum:dragonrot_swamp",
                    "spectrum:crystal_gardens",
                    "spectrum:razor_edge",
                    "spectrum:howling_spires"
                ],
                "structures": [
                    "spectrum:undergrowth_manor",
                    "spectrum:forsaken_cathedral",
                    "spectrum:dragon_fossil"
                ]
            }
        }
    ]
}