{
    "enabled": true,
    "neededInstalledMods": [],
    "neededUninstalledMods": [],
    "spawns": [
        {
            "id": "paras-deeperdown-5",
            "pokemon": "paras",
            "presets": [
                "natural"
            ],
            "type": "pokemon",
            "context": "grounded",
            "bucket": "common",
            "level": "4-29",
            "weight": 9.0,
            "condition": {
                "biomes": [
                    "spectrum:noxshroom_forest"
                ]
            },
            "anticondition": {
                "biomes": [
                    "spectrum:deep_barrens",
                    "spectrum:deep_dripstone_caves",
                    "spectrum:razor_edge",
                    "spectrum:howling_spires",
                    "spectrum:crystal_gardens",
                    "spectrum:black_langast",
                    "spectrum:dragonrot_swamp"
                ]
            }
        }
    ]
}