{
    "enabled": true,
    "neededInstalledMods": [],
    "neededUninstalledMods": [],
    "spawns": [
        {
            "id": "venomoth-deeperdown-2",
            "pokemon": "venomoth",
            "presets": [
                "natural"
            ],
            "type": "pokemon",
            "context": "grounded",
            "bucket": "common",
            "level": "31-45",
            "weight": 0.6,
            "condition":{
                "dimensions" : [
                    "spectrum:deeper_down"
                ]
            },
            "anticondition": {
                "biomes": [
                    "spectrum:razor_edge",
                    "spectrum:howling_spires",
                    "spectrum:crystal_gardens",
                    "spectrum:black_langast",
                    "spectrum:dragonrot_swamp"
                ]
            }
        }
    ]
}