{
    "enabled": true,
    "neededInstalledMods": [],
    "neededUninstalledMods": [],
    "spawns": [
        {
            "id": "dugtrio-deeperdown-3",
            "pokemon": "dugtrio",
            "presets": [
                "natural"
            ],
            "type": "pokemon",
            "context": "grounded",
            "bucket": "common",
            "level": "26-43",
            "weight": 1.0,
            "condition": {
                "biomes": [
                    "spectrum:deep_barrens",
                    "spectrum:deep_dripstone_caves"
                ],
                "structures": [
                    "spectrum:excavation_site"
                ]
            },
            "anticondition": {
                "biomes": [
                    "spectrum:crystal_gardens",
                    "spectrum:razor_edge",
                    "spectrum:howling_spires",
                    "spectrum:noxshroom_forest",
                    "spectrum:black_langast",
                    "spectrum:dragonrot_swamp"
                ],
                "structures": [
                    "spectrum:city_below",
                    "spectrum:dragon_fossil",
                    "spectrum:forsaken_cathedral",
                    "spectrum:lizard_den"
                ]
            }
        },
        {
            "id": "dugtrio-alolan-deeperdown-4",
            "pokemon": "dugtrio alolan",
            "presets": [
                "natural"
            ],
            "type": "pokemon",
            "context": "grounded",
            "bucket": "common",
            "level": "26-43",
            "weight": 1.0,
            "condition": {
                "biomes": [
                    "spectrum:deep_barrens",
                    "spectrum:deep_dripstone_caves"
                ],
                "structures": [
                    "spectrum:excavation_site"
                ]
            },
            "anticondition": {
                "biomes": [
                    "spectrum:crystal_gardens",
                    "spectrum:razor_edge",
                    "spectrum:howling_spires",
                    "spectrum:noxshroom_forest",
                    "spectrum:black_langast",
                    "spectrum:dragonrot_swamp"
                ],
                "structures": [
                    "spectrum:city_below",
                    "spectrum:dragon_fossil",
                    "spectrum:forsaken_cathedral",
                    "spectrum:lizard_den"
                ]
            }
        }
    ]
}