{
    "enabled": true,
    "neededInstalledMods": [],
    "neededUninstalledMods": [],
    "spawns": [
        {
            "id": "golem-deeperdown-4",
            "pokemon": "golem",
            "presets": [
                "natural",
                "wild"
            ],
            "type": "pokemon",
            "context": "grounded",
            "bucket": "common",
            "level": "34-50",
            "weight": 0.05,
            "condition": {
                "dimensions": [
                    "spectrum:deeper_down"
                ]
            },
            "anticondition": {
                "biomes": [
                    "spectrum:crystal_gardens",
                    "spectrum:razor_edge",
                    "spectrum:howling_spires",
                    "spectrum:noxshroom_forest",
                    "spectrum:black_langast",
                    "spectrum:dragonrot_swamp"
                ]
            }
        },
        {
            "id": "golem-alolan-deeperdown-5",
            "pokemon": "golem alolan",
            "presets": [
                "natural"
            ],
            "type": "pokemon",
            "context": "grounded",
            "bucket": "common",
            "level": "34-50",
            "condition": {
                "dimensions": [
                    "spectrum:deeper_down"
                ],
                "neededNearbyBlocks": [
                    "#minecraft:iron_ores"
                ]
            },
            "anticondition": {
                "biomes": [
                    "spectrum:crystal_gardens",
                    "spectrum:razor_edge",
                    "spectrum:howling_spires",
                    "spectrum:noxshroom_forest",
                    "spectrum:black_langast",
                    "spectrum:dragonrot_swamp"
                ]
            }
        }
    ]
}