{
    "enabled": true,
    "neededInstalledMods": [],
    "neededUninstalledMods": [],
    "spawns": [
        {
            "id": "drowzee-deeperdown-3",
            "pokemon": "drowzee",
            "presets": [
                "natural",
                "urban"
            ],
            "type": "pokemon",
            "context": "grounded",
            "bucket": "common",
            "level": "8-33",
            "weight": 9.0,
            "condition": {
                "structures": [
                    "spectrum:undergrowth_manor"
                ]
            },
            "anticondition": {
                "structures": [
                    "spectrum:city_below",
                    "spectrum:dragon_fossil",
                    "spectrum:excavation_site",
                    "spectrum:forsaken_cathedral",
                    "spectrum:lizard_den"
                ]
            }
        }
    ]
}