{
    "enabled": true,
    "neededInstalledMods": [],
    "neededUninstalledMods": [],
    "spawns": [
        {
            "id": "marowak-deeperdown-4",
            "pokemon": "marowak",
            "presets": [
                "natural",
                "wild"
            ],
            "type": "pokemon",
            "context": "grounded",
            "bucket": "common",
            "level": "28-43",
            "weight": 0.2,
            "condition": {
                "biomes": [
                    "spectrum:dragonrot_swamp"
                ]
            }
        }
    ]
}