{
    "enabled": true,
    "neededInstalledMods": [],
    "neededUninstalledMods": [],
    "spawns": [
        {
            "id": "koffing-deeperdown-4",
            "pokemon": "koffing",
            "presets": [
                "natural",
                "urban"
            ],
            "type": "pokemon",
            "context": "grounded",
            "bucket": "common",
            "level": "9-34",
            "weight": 5.8,
            "condition": {
                "biomes": [
                    "spectrum:black_langast"

                ]
            },
            "anticondition": {
                "biomes": [
                    "spectrum:deep_barrens",
                    "spectrum:deep_dripstone_caves",
                    "spectrum:crystal_gardens",
                    "spectrum:razor_edge",
                    "spectrum:howling_spires",
                    "spectrum:noxshroom_forest",
                    "spectrum:dragonrot_swamp"
                ]
            }
        }
    ]
}