{
    "enabled": true,
    "neededInstalledMods": [],
    "neededUninstalledMods": [],
    "spawns": [
        {
            "id": "scyther-deeperdown-4",
            "pokemon": "scyther",
            "presets": [
                "natural"
            ],
            "type": "pokemon",
            "context": "grounded",
            "bucket": "rare",
            "level": "25-50",
            "weight": 1.75,
            "condition": {
                "biomes": [
                    "spectrum:razor_edge"
                ]
            }
        }
    ]
}