{
    "enabled": true,
    "neededInstalledMods": [],
    "neededUninstalledMods": [],
    "spawns": [
        {
            "id": "jynx-deeperdown-3",
            "pokemon": "jynx",
            "presets": [
                "natural"
            ],
            "type": "pokemon",
            "context": "grounded",
            "bucket": "uncommon",
            "level": "30-46",
            "weight": 0.32,
            "condition": {
                "dimension": [
                    "spectrum:deeper_down"
                ],
                "structures": [
                    "spectrum:city_below"
                ]
            },
            "anticondition": {
                "biomes": [
                    "spectrum:black_langast",
                    "spectrum:dragonrot_swamp"
                ]
            }
        },
        {
            "id": "jynx-deeperdown-4",
            "pokemon": "jynx",
            "presets": [
                "natural"
            ],
            "type": "pokemon",
            "context": "grounded",
            "bucket": "uncommon",
            "level": "30-46",
            "weight": 0.32,
            "condition": {
                "biomes": [
                    "spectrum:howling_spires"
                ]
            }
        }
    ]
}