{
    "enabled": true,
    "neededInstalledMods": [],
    "neededUninstalledMods": [],
    "spawns": [
        {
            "id": "pinsir-deeperdown-3",
            "pokemon": "pinsir",
            "presets": [
                "natural",
                "wild"
            ],
            "type": "pokemon",
            "context": "grounded",
            "bucket": "rare",
            "level": "25-50",
            "weight": 7.0,
            "condition": {
                "biomes": [
                    "spectrum:razor_edge"
                ]
            }
        }
    ]
}