{
    "enabled": true,
    "neededInstalledMods": [],
    "neededUninstalledMods": [],
    "spawns": [
        {
            "id": "magikarp-deeperdown-25",
            "pokemon": "magikarp",
            "type": "pokemon",
            "context": "grounded",
            "bucket": "ultra-rare",
            "level": "1",
            "weight": 100.0,
            "condition": {
                "structures": [
                    "spectrrum:forsaken_cathedral"
                ]
            }
        }
    ]
}