{
    "enabled": true,
    "neededInstalledMods": [],
    "neededUninstalledMods": [],
    "spawns": [
        {
            "id": "eevee-deeperdown-6",
            "pokemon": "eevee",
            "presets": [
                "natural"
            ],
            "type": "pokemon",
            "context": "grounded",
            "bucket": "ultra-rare",
            "level": "5-33",
            "weight": 4.8,
            "condition": {
                "structures": [
                    "spectrum:city_below"
                ]
            }
        }
    ]
}