{
    "enabled": true,
    "neededInstalledMods": [],
    "neededUninstalledMods": [],
    "spawns": [
        {
            "id": "spinarak-deeperdown-6",
            "pokemon": "spinarak",
            "presets": [
                "mansion"
            ],
            "type": "pokemon",
            "context": "grounded",
            "bucket": "common",
            "level": "1-25",
            "weight": 9.0,
            "anticondition": {
                "dimensions": [
                    "spectrum:deeper_down"
                ]
            }
        }
    ]
}