{
   "enabled": true,
   "neededInstalledMods": [],
   "neededUninstalledMods": [],
   "spawns": [
       {
           "id": "bellossom-deeperdown-4",
           "pokemon": "bellossom",
           "type": "pokemon",
           "context": "grounded",
           "bucket": "common",
           "level": "35-49",
           "weight": 0.05,
           "condition": {
               "dimensions": [
                    "spectrum:deeper_down"
               ],
            "anticondition": {
                "biomes": [
                    "spectrum:black_langast",
                    "spectrum:dragonrot_swamp",
                    "spectrum:deep_barrens",
                    "spectrum:razor_edge",
                    "spectrum:howling_spires",
                    "spectrum:noxshroom_forest",
                    "spectrum:deep_dripstone_caves"
                    ],
                "structures": [
                    "spectrum:undergrowth_manor",
                    "spectrum:forsaken_cathedral",
                    "spectrum:dragon_fossil"
                    ]
                }
           }
       }
   ]
}