{
    "enabled": true,
    "neededInstalledMods": [],
    "neededUninstalledMods": [],
    "spawns": [
        {
            "id": "murkrow-deeperdown-8",
            "pokemon": "murkrow",
            "presets": [
                "natural",
                "treetop"
            ],
            "type": "pokemon",
            "context": "grounded",
            "bucket": "common",
            "level": "16-41",
            "weight": 9.5,
            "condition": {
                "biomes": [
                    "spectrum:black_langast"
                ]
            }
        }
    ]
}