{
    "enabled": true,
    "neededInstalledMods": [],
    "neededUninstalledMods": [],
    "spawns": [
        {
            "id": "pineco-deeperdown-2",
            "pokemon": "pineco",
            "presets": [
                "natural",
                "treetop"
            ],
            "type": "pokemon",
            "context": "grounded",
            "bucket": "common",
            "level": "4-29",
            "weight": 9.0,
            "condition": {
                "biomes": [
                    "spectrum:howling_spire"
                ]
            }
        }
    ]
}