{
    "enabled": true,
    "neededInstalledMods": [],
    "neededUninstalledMods": [],
    "spawns": [
        {
            "id": "sneasel-deeperdown-3",
            "pokemon": "sneasel",
            "presets": [
                "natural",
                "wild"
            ],
            "type": "pokemon",
            "context": "grounded",
            "bucket": "uncommon",
            "level": "18-43",
            "weight": 9.2,
            "condition": {
                "biomes": [
                    "spectrum:howling_spires"
                ]
            }
        }
    ]
}