{
    "enabled": true,
    "neededInstalledMods": [],
    "neededUninstalledMods": [],
    "spawns": [
        {
            "id": "swinub-deeperdown-2",
            "pokemon": "swinub",
            "presets": [
                "natural",
                "wild"
            ],
            "type": "pokemon",
            "context": "grounded",
            "bucket": "common",
            "level": "1-25",
            "weight": 9.0,
            "condition": {
                "biomes": [
                    "spectrum:howling_spires"
                ]
            }
        }
    ]
}