{
    "enabled": true,
    "neededInstalledMods": [],
    "neededUninstalledMods": [],
    "spawns": [
        {
            "id": "smeargle-deeperdown-4",
            "pokemon": "smeargle",
            "type": "pokemon",
            "context": "grounded",
            "bucket": "rare",
            "level": "1-25",
            "weight": 0.25,
            "condition": {
                "structures": [
                    "spectrum:city_below"
                ]
            },
            "anticondition": {
                "biomes": [
                    "spectrum:black_langast",
                    "spectrum:dragonrot_swwamp"
                ]
            }
        }
    ]
}