{
    "enabled": true,
    "neededInstalledMods": [],
    "neededUninstalledMods": [],
    "spawns": [
        {
            "id": "breloom-2",
            "pokemon": "breloom",
            "presets": [
                "natural"
            ],
            "type": "pokemon",
            "context": "grounded",
            "bucket": "common",
            "level": "23-46",
            "weight": 1.0,
            "condition": {
                "biomes": [
                    "spectrum:noxshroom_forest"
                ]
            }
        }
    ]
}