{
    "enabled": true,
    "neededInstalledMods": [],
    "neededUninstalledMods": [],
    "spawns": [
        {
            "id": "whismur-deeperdown-3",
            "pokemon": "whismur",
            "presets": [
                "natural"
            ],
            "type": "pokemon",
            "context": "grounded",
            "bucket": "common",
            "level": "1-24",
            "weight": 1.8,
            "anticondition": {
                "dimensions": [
                    "spectrum:deeper_down"
                ]
            }
        }
    ]
}