{
    "enabled": true,
    "neededInstalledMods": [],
    "neededUninstalledMods": [],
    "spawns": [
        {
            "id": "exploud-deeperdown-3",
            "pokemon": "exploud",
            "presets": [
                "natural"
            ],
            "type": "pokemon",
            "context": "grounded",
            "bucket": "uncommon",
            "level": "40-49",
            "weight": 0.16,
            "anticondition": {
                "dimensions": [
                    "spectrum:deeper_down"
                ]
            }
        }
    ]
}