{
    "enabled": true,
    "neededInstalledMods": [],
    "neededUninstalledMods": [],
    "spawns": [
        {
            "id": "nosepass-deeperdown-2",
            "pokemon": "nosepass",
            "presets": [
                "natural"
            ],
            "type": "pokemon",
            "context": "grounded",
            "bucket": "uncommon",
            "level": "13-38",
            "weight": 5.52,
            "anticondition": {
                "dimensions": [
                    "spectrum:deeper_down"
                ]
            }
        }
    ]
}