{
    "enabled": true,
    "neededInstalledMods": [],
    "neededUninstalledMods": [],
    "spawns": [
        {
            "id": "sableye-deeperdown-4",
            "pokemon": "sableye",
            "presets": [
                "natural"
            ],
            "type": "pokemon",
            "context": "grounded",
            "bucket": "common",
            "level": "13-38",
            "weight": 8.0,
            "condition": {
                "biomes": [
                    "spectrum:deep_barrens",
                    "spectrum:deep_dripstone_caves",
                    "spectrum:crystal_gardens"
                ],
                "neededNearbyBlocks": [
                    "#cobblemon:gemstones"
                ]
            }
        }
    ]
}