{
    "enabled": true,
    "neededInstalledMods": [],
    "neededUninstalledMods": [],
    "spawns": [
        {
            "id": "baltoy-deeperdown-5",
            "pokemon": "baltoy",
            "type": "pokemon",
            "context": "grounded",
            "bucket": "common",
            "level": "5-30",
            "weight": 5.4,
            "anticondition": {
                "structures": [
                    "spectrum:excavation_site"
                ],
                "maxY": -297
            }
        }
    ]
}