{
    "enabled": true,
    "neededInstalledMods": [],
    "neededUninstalledMods": [],
    "spawns": [
        {
            "id": "claydol-deeperdown-5",
            "pokemon": "claydol",
            "presets": [
                "natural"
            ],
            "type": "pokemon",
            "context": "grounded",
            "bucket": "uncommon",
            "level": "36-50",
            "weight": 0.96,
            "anticondition": {
                "structures": [
                    "spectrum:excavation_site"
                ],
                "maxY": -297
            }
        }
    ]
}