{
    "enabled": true,
    "neededInstalledMods": [],
    "neededUninstalledMods": [],
    "spawns": [
        {
            "id": "cradily-deeperdown-2",
            "pokemon": "cradily",
            "type": "pokemon",
            "context": "seafloor",
            "bucket": "ultra-rare",
            "level": "40-50",
            "weight": 4.0,
            "condition": {
                "minSkyLight": 0,
                "maxSkyLight": 7,
                "biomes": [
                    "spectrum:crystal_gardens"
                ]
            }
        }
    ]
}