{
    "enabled": true,
    "neededInstalledMods": [],
    "neededUninstalledMods": [],
    "spawns": [
        {
            "id": "luvdisc-deeperdown-5",
            "pokemon": "luvdisc",
            "type": "pokemon",
            "context": "submerged",
            "bucket": "common",
            "level": "8-33",
            "weight": 9.0,
            "condition": {
                "biomes": [
                    "spectrum:crystal_gardens"
                ],
                "fluidBlock": [
                    "spectrum:liquid_crystal"
                ]
            }
        },
        {
            "id": "luvdisc-deeperdown-6",
            "pokemon": "luvdisc",
            "type": "pokemon",
            "context": "fishing",
            "bucket": "common",
            "level": "8-33",
            "weight": 9.0,
            "condition": {
                "biomes": [
                    "spectrum:crystal_gardens"
                ],
                "fluidBlock": [
                    "spectrum:liquid_crystal"
                ]
            }
        }
    ]
}