{
    "enabled": true,
    "neededInstalledMods": [],
    "neededUninstalledMods": [],
    "spawns": [
        {
            "id": "honchkrow-deeperdown-6",
            "pokemon": "honchkrow",
            "presets": [
                "natural",
                "treetop"
            ],
            "type": "pokemon",
            "context": "grounded",
            "bucket": "common",
            "level": "36-51",
            "weight": 0.5,
            "condition": {
                "biomes": [
                    "spectrum:black_langast"
                ]
            }
        }
    ]
}