{
    "enabled": true,
    "neededInstalledMods": [],
    "neededUninstalledMods": [],
    "spawns": [
        {
            "id": "weavile-deeperdown-2",
            "pokemon": "weavile",
            "presets": [
                "natural",
                "wild"
            ],
            "type": "pokemon",
            "context": "grounded",
            "bucket": "uncommon",
            "level": "38-51",
            "weight": 0.8,
            "condition": {
                "biomes": [
                    "spectrum:howling_spires"
                ]
            }
        }
    ]
}