{
    "enabled": true,
    "neededInstalledMods": [],
    "neededUninstalledMods": [],
    "spawns": [
        {
            "id": "mamoswine-deeperdown-2",
            "pokemon": "mamoswine",
            "presets": [
                "natural",
                "wild"
            ],
            "type": "pokemon",
            "context": "grounded",
            "bucket": "common",
            "level": "40-53",
            "weight": 0.1,
            "condition": {
                "biomes": [
                    "spectrum:howling_spires"
                ]
            }
        }
    ]
}