{
    "enabled": true,
    "neededInstalledMods": [],
    "neededUninstalledMods": [],
    "spawns": [
        {
            "id": "probopass-deeperdown-2",
            "pokemon": "probopass",
            "presets": [
                "natural"
            ],
            "type": "pokemon",
            "context": "grounded",
            "bucket": "uncommon",
            "level": "33-53",
            "weight": 0.48,
            "anticondition": {
                "dimensions": [
                    "spectrum:deeper_down"
                ]
            }
        }
    ]
}