{
    "enabled": true,
    "neededInstalledMods": [],
    "neededUninstalledMods": [],
    "spawns": [
        {
            "id": "gurdurr-deeperdown-3",
            "pokemon": "gurdurr",
            "presets": [
                "natural"
            ],
            "type": "pokemon",
            "context": "grounded",
            "bucket": "common",
            "level": "25-41",
            "weight": 0.57,
            "condition": {
                "structures": [
                    "spectrum:excavation_site"
                ],
                "maxY": -297
            }
        }
    ]
}