{
    "enabled": true,
    "neededInstalledMods": [],
    "neededUninstalledMods": [],
    "spawns": [
        {
            "id": "conkeldurr-deeperdown-3",
            "pokemon": "conkeldurr",
            "presets": [
                "natural"
            ],
            "type": "pokemon",
            "context": "grounded",
            "bucket": "common",
            "level": "36-51",
            "weight": 0.03,
            "condition": {
                "structures": [
                    "spectrum:excavation_site"
                ],
                "maxY": -297
            }
        }
    ]
}