{
    "enabled": true,
    "neededInstalledMods": [],
    "neededUninstalledMods": [],
    "spawns": [
        {
            "id": "whimsicott-deeperdown-4",
            "pokemon": "whimsicott",
            "presets": [
                "natural"
            ],
            "type": "pokemon",
            "context": "grounded",
            "bucket": "common",
            "level": "23-48",
            "weight": 0.5,
            "condition": {
                "biomes": [
                    "spectrum:crystal_gardens"
                ]
            }
        }
    ]
}