{
    "enabled": true,
    "neededInstalledMods": [],
    "neededUninstalledMods": [],
    "spawns": [
        {
            "id": "zorua-deeperdown-3",
            "pokemon": "zorua",
            "presets": [
                "natural",
                "wild"
            ],
            "type": "pokemon",
            "context": "grounded",
            "bucket": "uncommon",
            "level": "8-33",
            "weight": 5.04,
            "condition": {
                "structures": [
                    "spectrum:undergrowth_manor"
                ]
            }
        },
        {
            "id": "zorua-hisuian-deeperdown-3",
            "pokemon": "zorua hisuian",
            "presets": [
                "natural",
                "wild"
            ],
            "type": "pokemon",
            "context": "grounded",
            "bucket": "uncommon",
            "level": "8-33",
            "weight": 5.04,
            "weightMultiplier": {
                "multiplier": 5.0,
                "condition": {
                    "moonPhase": 4
                }
            },
            "condition": {
                "structures": [
                    "spectrum:undergrowth_manor"
                ]
            }
        }
    ]
}