{
    "enabled": true,
    "neededInstalledMods": [],
    "neededUninstalledMods": [],
    "spawns": [
        {
            "id": "zoroark-deeperdown-3",
            "pokemon": "zoroark",
            "presets": [
                "natural",
                "wild"
            ],
            "type": "pokemon",
            "context": "grounded",
            "bucket": "uncommon",
            "level": "30-51",
            "weight": 0.96,
            "condition": {
                "structures": [
                    "spectrum:undergrowth_manor"
                ]
            }
        },
        {
            "id": "zoroark-hisuian-deeperdown-3",
            "pokemon": "zoroark hisuian",
            "presets": [
                "natural",
                "wild"
            ],
            "type": "pokemon",
            "context": "grounded",
            "bucket": "uncommon",
            "level": "30-51",
            "weight": 0.96,
            "condition": {
                "structures": [
                    "spectrum:undergrowth_manor"
                ]
            }
        }
    ]
}