{
    "enabled": true,
    "neededInstalledMods": [],
    "neededUninstalledMods": [],
    "spawns": [
        {
            "id": "ferrothorn-deeperdown-3",
            "pokemon": "ferrothorn",
            "presets": [
                "natural"
            ],
            "type": "pokemon",
            "context": "grounded",
            "bucket": "common",
            "level": "40-49",
            "weight": 1.0,
            "condition": {
                "biomes": [
                    "spectrum:razor_edge"
                ]
            }
        }
    ]
}