{
    "enabled": true,
    "neededInstalledMods": [],
    "neededUninstalledMods": [],
    "spawns": [
        {
            "id": "lampent-deeperdown-3",
            "pokemon": "lampent",
            "type": "pokemon",
            "context": "grounded",
            "bucket": "common",
            "level": "41-46",
            "weight": 0.95,
            "condition": {
                "biomes": [
                    "spectrum:dragonrot_swamp"
                ],
                "maxWidth": 20,
                "maxHeight": 10
            },
                "anticondition": {
                "biomes": [
                    "spectrum:deep_barrens",
                    "spectrum:deep_dripstone_caves",
                    "spectrum:razor_edge",
                    "spectrum:howling_spires",
                    "spectrum:noxshroom_forest",
                    "spectrum:black_langast",
                    "spectrum:crystal_gardens"
                ]
            }
        },
        {
            "id": "lampent-deeperdown-4",
            "pokemon": "lampent",
            "type": "pokemon",
            "context": "grounded",
            "bucket": "common",
            "level": "41-46",
            "weight": 0.95,
            "condition": {
                "structure": [
                    "spectrum:city_below",
                    "spectrum:undergrowth_manor"
                ],
                "maxWidth": 20,
                "maxHeight": 10
            },
            "anticondition": {
                "structure":[
                    "spectrum:excavation_site",
                    "spectrum:forsaken_cathedral"
                ]
            }
        }
    ]
}