{
    "enabled": true,
    "neededInstalledMods": [],
    "neededUninstalledMods": [],
    "spawns": [
        {
            "id": "chandelure-deeperdown-3",
            "pokemon": "chandelure",
            "type": "pokemon",
            "context": "grounded",
            "bucket": "common",
            "level": "41-52",
            "weight": 0.01,
            "condition": {
                "biomes": [
                    "spectrum:dragonrot_swamp"
                ],
                "maxWidth": 20,
                "maxHeight": 10
            },
                "anticondition": {
                "biomes": [
                    "spectrum:deep_barrens",
                    "spectrum:deep_dripstone_caves",
                    "spectrum:razor_edge",
                    "spectrum:howling_spires",
                    "spectrum:noxshroom_forest",
                    "spectrum:black_langast",
                    "spectrum:crystal_gardens"
                ]
            }
        },
        {
            "id": "chandelure-deeperdown-4",
            "pokemon": "chandelure",
            "type": "pokemon",
            "context": "grounded",
            "bucket": "common",
            "level": "41-52",
            "weight": 0.05,
            "condition": {
                "structure": [
                    "spectrum:city_below",
                    "spectrum:undergrowth_manor"
                ],
                "maxWidth": 20,
                "maxHeight": 10
            },
            "anticondition": {
                "structure":[
                    "spectrum:excavation_site",
                    "spectrum:forsaken_cathedral"
                ]
            }
        }
    ]
}