{
    "enabled": true,
    "neededInstalledMods": [],
    "neededUninstalledMods": [],
    "spawns": [
        {
            "id": "cryogonal-deeperdown-3",
            "pokemon": "cryogonal",
            "presets": [
                "natural"
            ],
            "type": "pokemon",
            "context": "grounded",
            "bucket": "common",
            "level": "27-52",
            "weight": 2.0,
            "condition": {
                "biomes": [
                    "#cobblemon:nether/is_frozen"
                ]
            }
        }
    ]
}