{
    "enabled": true,
    "neededInstalledMods": [],
    "neededUninstalledMods": [],
    "spawns": [
        {
            "id": "diggersby-1",
            "pokemon": "diggersby",
            "presets": [
                "natural"
            ],
            "type": "pokemon",
            "context": "grounded",
            "bucket": "common",
            "level": "20-42",
            "weight": 0.6,
            "condition": {
                "structures": [
                    "spectrum:excavation_site"
                ],
                "maxY": -297
            }
        }
    ]
}