{
    "enabled": true,
    "neededInstalledMods": [],
    "neededUninstalledMods": [],
    "spawns": [
        {
            "id": "flabebe-red-deeperdown-7",
            "pokemon": "flabebe flower=red",
            "presets": [
                "natural"
            ],
            "type": "pokemon",
            "context": "grounded",
            "bucket": "common",
            "level": "5-30",
            "weight": 9.0,
            "weightMultiplier": {
                "multiplier": 0.25,
                "condition": {
                    "timeRange": "night"
                }
            },
            "condition": {
                "biomes": [
                    "spectrum:crystal_gardens"
                ],
                "neededNearbyBlocks": [
                    "#cobblemon:red_flowers"
                ]
            }
        },
        {
            "id": "flabebe-yellow-deeperdown-8",
            "pokemon": "flabebe flower=yellow",
            "presets": [
                "natural"
            ],
            "type": "pokemon",
            "context": "grounded",
            "bucket": "common",
            "level": "5-30",
            "weight": 9.0,
            "weightMultiplier": {
                "multiplier": 0.25,
                "condition": {
                    "timeRange": "night"
                }
            },
            "condition": {
                "biomes": [
                    "spectrum:crystal_gardens"
                ],
                "neededNearbyBlocks": [
                    "#cobblemon:yellow_flowers"
                ]
            }
        },
        {
            "id": "flabebe-orange-deeperdown-9",
            "pokemon": "flabebe flower=orange",
            "presets": [
                "natural"
            ],
            "type": "pokemon",
            "context": "grounded",
            "bucket": "common",
            "level": "5-30",
            "weight": 9.0,
            "weightMultiplier": {
                "multiplier": 0.25,
                "condition": {
                    "timeRange": "night"
                }
            },
            "condition": {
                "biomes": [
                    "spectrum:crystal_gardens"
                ],
                "neededNearbyBlocks": [
                    "#cobblemon:orange_flowers"
                ]
            }
        },
        {
            "id": "flabebe-blue-deeperdown-10",
            "pokemon": "flabebe flower=blue",
            "presets": [
                "natural"
            ],
            "type": "pokemon",
            "context": "grounded",
            "bucket": "common",
            "level": "5-30",
            "weight": 9.0,
            "weightMultiplier": {
                "multiplier": 0.25,
                "condition": {
                    "timeRange": "night"
                }
            },
            "condition": {
                "biomes": [
                    "spectrum:crystal_gardens"
                ],
                "neededNearbyBlocks": [
                    "#cobblemon:blue_flowers"
                ]
            }
        },
        {
            "id": "flabebe-white-deeperdown-11",
            "pokemon": "flabebe flower=white",
            "presets": [
                "natural"
            ],
            "type": "pokemon",
            "context": "grounded",
            "bucket": "common",
            "level": "5-30",
            "weight": 9.0,
            "weightMultiplier": {
                "multiplier": 0.25,
                "condition": {
                    "timeRange": "night"
                }
            },
            "condition": {
                "biomes": [
                    "spectrum:crystal_gardens"
                ],
                "neededNearbyBlocks": [
                    "#cobblemon:white_flowers"
                ]
            }
        },
        {
            "id": "flabebe-pink-deeperdown-12",
            "pokemon": "flabebe flower=pink",
            "presets": [
                "natural"
            ],
            "type": "pokemon",
            "context": "grounded",
            "bucket": "common",
            "level": "5-30",
            "weight": 9.0,
            "weightMultiplier": {
                "multiplier": 0.25,
                "condition": {
                    "timeRange": "night"
                }
            },
            "condition": {
                "biomes": [
                    "spectrum:crystal_gardens"
                ],
                "neededNearbyBlocks": [
                    "#cobblemon:pink_flowers"
                ]
            }
        }
    ]
}