{
    "enabled": true,
    "neededInstalledMods": [],
    "neededUninstalledMods": [],
    "spawns": [
        {
            "id": "amaura-deeperdown-2",
            "pokemon": "amaura",
            "presets": [
                "natural"
            ],
            "type": "pokemon",
            "context": "grounded",
            "bucket": "ultra-rare",
            "level": "11-36",
            "weight": 6.0,
            "condition": {
                "biomes": [
                    "spectrum:howling_spire"
                ]
            }
        }
    ]
}