{
    "enabled": true,
    "neededInstalledMods": [],
    "neededUninstalledMods": [],
    "spawns": [
        {
            "id": "aurorus-deeperdown-2",
            "pokemon": "aurorus",
            "presets": [
                "natural"
            ],
            "type": "pokemon",
            "context": "grounded",
            "bucket": "ultra-rare",
            "level": "39-52",
            "weight": 4.0,
            "condition": {
                "biomes": [
                    "spectrum:howling_spire"
                ]
            }
        }
    ]
}