{
    "enabled": true,
    "neededInstalledMods": [],
    "neededUninstalledMods": [],
    "spawns": [
        {
            "id": "carbink-deeperdown-2",
            "pokemon": "carbink",
            "presets": [
                "natural"
            ],
            "type": "pokemon",
            "context": "grounded",
            "bucket": "common",
            "level": "25-50",
            "weight": 8.0,
            "condition": {
                "biomes": [
                    "spectrum:crystal_gardens"
                ]
            }
        }
    ]
}