{
    "enabled": true,
    "neededInstalledMods": [],
    "neededUninstalledMods": [],
    "spawns": [
        {
            "id": "goomy-deeperdown-15",
            "pokemon": "goomy",
            "presets": [
                "natural",
                "wild"
            ],
            "type": "pokemon",
            "context": "grounded",
            "bucket": "rare",
            "level": "5-30",
            "weight": 7.5,
            "condition": {
                "biomes": [
                    "spectrum:dragonrot_swamp"
                ]
            }
        }
    ]
}