{
    "enabled": true,
    "neededInstalledMods": [],
    "neededUninstalledMods": [],
    "spawns": [
        {
            "id": "goodra-deeperdown-15",
            "pokemon": "goodra",
            "presets": [
                "natural",
                "wild"
            ],
            "type": "pokemon",
            "context": "grounded",
            "bucket": "rare",
            "level": "50-60",
            "weight": 0.25,
            "condition": {
                "biomes": [
                    "spectrum:dragonrot_swamp"
                ]
            }
        }
    ]
}