{
    "enabled": true,
    "neededInstalledMods": [],
    "neededUninstalledMods": [],
    "spawns": [
        {
            "id": "pumpkaboo-deeperdown-3",
            "pokemon": "pumpkaboo",
            "presets": [
                "natural"
            ],
            "type": "pokemon",
            "context": "grounded",
            "bucket": "uncommon",
            "level": "9-34",
            "weight": 9.2,
            "condition": {
                "structures": [
                    "spectrum:city_below"
                ]
            }
        }
    ]
}