{
    "enabled": true,
    "neededInstalledMods": [],
    "neededUninstalledMods": [],
    "spawns": [
        {
            "id": "bergmite-deeperdown-2",
            "pokemon": "bergmite",
            "presets": [
                "natural"
            ],
            "type": "pokemon",
            "context": "grounded",
            "bucket": "common",
            "level": "5-30",
            "weight": 9.0,
            "condition": {
                "biomes": [
                    "spectrum:howling_spire"
                ]
            }
        }
    ]
}