{
    "enabled": true,
    "neededInstalledMods": [],
    "neededUninstalledMods": [],
    "spawns": [
        {
            "id": "shiinotic-deeperdown-5",
            "pokemon": "shiinotic",
            "presets": [
                "natural"
            ],
            "type": "pokemon",
            "context": "grounded",
            "bucket": "common",
            "level": "24-41",
            "weight": 0.2,
            "condition": {
                "biomes": [
                    "spectrum:noxshroom_forest"
                ]
            }
        }
    ]
}