{
    "enabled": true,
    "neededInstalledMods": [],
    "neededUninstalledMods": [],
    "spawns": [
        {
            "id": "steenee-deeperdown-2",
            "pokemon": "steenee",
            "presets": [
                "natural"
            ],
            "type": "pokemon",
            "context": "grounded",
            "bucket": "common",
            "level": "18-29",
            "weight": 0.18,
            "condition": {
                "biomes": [
                    "spectrum:crystal_gardens"
                ]
            }
        }
    ]
}