{
    "enabled": true,
    "neededInstalledMods": [],
    "neededUninstalledMods": [],
    "spawns": [
        {
            "id": "tsareena-deeperdown-2",
            "pokemon": "tsareena",
            "presets": [
                "natural"
            ],
            "type": "pokemon",
            "context": "grounded",
            "bucket": "common",
            "level": "28-51",
            "weight": 0.02,
            "condition": {
                "biomes": [
                    "spectrum:crystal_gardens"
                ]
            }
        }
    ]
}