{
    "enabled": true,
    "neededInstalledMods": [],
    "neededUninstalledMods": [],
    "spawns": [
        {
            "id": "mimikyu-deeperdown-3",
            "pokemon": "mimikyu",
            "presets": [
                "natural"
            ],
            "type": "pokemon",
            "context": "grounded",
            "bucket": "rare",
            "level": "23-48",
            "weight": 10.0,
            "condition": {
                "structures": [
                    "spectrum:city_below"
                ]
            }
        }
    ]
}