{
    "enabled": true,
    "neededInstalledMods": [],
    "neededUninstalledMods": [],
    "spawns": [
        {
            "id": "thievul-deeperdown-3",
            "pokemon": "thievul",
            "type": "pokemon",
            "context": "grounded",
            "bucket": "uncommon",
            "level": "18-46",
            "weight": 1.6,
            "condition": {
                "structures": [
                    "spectrum:undergrowth_manor"
                ]
            }
        }
    ]
}