{
    "enabled": true,
    "neededInstalledMods": [],
    "neededUninstalledMods": [],
    "spawns": [
        {
            "id": "eldegoss-deeperdown-4",
            "pokemon": "eldegoss",
            "type": "pokemon",
            "context": "grounded",
            "bucket": "common",
            "level": "20-46",
            "weight": 1.0,
            "weightMultiplier": {
                "multiplier": 0.25,
                "condition": {
                    "timeRange": "night"
                }
            },
            "condition": {
                "biomes": [
                    "spectrum:crystal_gardens"
                ]
            }
        }
    ]
}