{
    "enabled": true,
    "neededInstalledMods": [],
    "neededUninstalledMods": [],
    "spawns": [
        {
            "id": "drakloak-deeperdown-5",
            "pokemon": "drakloak",
            "presets": [
                "natural"
            ],
            "type": "pokemon",
            "context": "grounded",
            "bucket": "ultra-rare",
            "level": "50-55",
            "weight": 3.6,
            "condition": {
                "biomes": [
                    "spectrum:dragonrot_swamp"
                ]
            }
        }
    ]
}