{
    "enabled": true,
    "neededInstalledMods": [],
    "neededUninstalledMods": [],
    "spawns": [
        {
            "id": "lechonk-deeperdown-4",
            "pokemon": "lechonk",
            "presets": [
                "natural"
            ],
            "type": "pokemon",
            "context": "grounded",
            "bucket": "common",
            "level": "1-25",
            "weight": 9.0,
            "condition": {
                "biomes": [
                    "spectrum:noxshroom_forest"
                ]
            }
        }
    ]
}