{
    "enabled": true,
    "neededInstalledMods": [],
    "neededUninstalledMods": [],
    "spawns": [
        {
            "id": "espathra-deeperdown-2",
            "pokemon": "espathra",
            "presets": [
                "natural",
                "wild"
            ],
            "type": "pokemon",
            "context": "grounded",
            "bucket": "uncommon",
            "level": "35-48",
            "weight": 0.96,
            "condition": {
                "biomes": [
                    "spectrum:howling_spire",
                    "spectrum:black_langast"
                ]
            }
        }
    ]
}